{
  "step1": "https://developers.google.com/gmail/api/quickstart/nodejs",
  "step2": "enable gmail API",
  "step3": "Download 'credentials.json' file (Every account has diff config file)",
  "step4": "your good to go with credentials.json files! other files are included here!",
  "step5": "after installing required packages type 'node index' in terminal",
  "step6": "when you run the program fir the first time it will give a link in the terminal! open that! login to the account from which you want to read the mail!",
  "step7": "after successful login it will give you a token! paste that in the terminal! and your all set to go! lets encryot some shit!"
}
